CASSANDRA-8447,1,0,1,0,0
CASSANDRA-5422,1,0,0,2,2
CASSANDRA-9033,1,0,1,0,0
CASSANDRA-4100,0,1,0,1,1
CASSANDRA-1323,1,0,0,0,0
CASSANDRA-6127,1,1,0,0,0
CASSANDRA-7088,1,0,0,0,0
CASSANDRA-3831,1,1,0,0,0
CASSANDRA-3234,1,0,1,0,0
CASSANDRA-7758,1,1,1,0,0
CASSANDRA-6578,1,0,0,0,0
CASSANDRA-5087,1,0,0,0,0
CASSANDRA-724,1,0,0,0,0
CASSANDRA-581,1,0,0,0,0
CASSANDRA-6534,1,0,1,0,0
CASSANDRA-5661,0,0,1,0,0
CASSANDRA-7401,1,1,0,0,0
CASSANDRA-4032,1,0,0,2,0
CASSANDRA-5025,1,1,0,0,0
CASSANDRA-658,1,0,0,2,0
CASSANDRA-5569,1,1,0,0,1
CASSANDRA-5704,1,0,0,0,0
CASSANDRA-5746,1,0,1,0,0
CASSANDRA-9240,1,0,0,0,2
CASSANDRA-2170,,,,,
CASSANDRA-1246,1,0,0,0,1
CASSANDRA-8066,0,0,1,0,0
CASSANDRA-2463,1,0,1,0,0
CASSANDRA-5064,1,1,0,0,0
CASSANDRA-6405,,,,,
CASSANDRA-6541,0,0,1,0,0
CASSANDRA-5521,0,0,1,0,0
CASSANDRA-7949,,,,,
CASSANDRA-3855,1,0,0,2,2
CASSANDRA-9059,,,,,
CASSANDRA-3344,1,0,0,2,2
CASSANDRA-3549,1,2,0,2,0
CASSANDRA-5699,1,0,0,2,0
CASSANDRA-5371,1,0,0,0,2
CASSANDRA-1520,1,0,0,0,0
CASSANDRA-6107,0,0,1,0,0
CASSANDRA-4690,,,,,
CASSANDRA-5534,,,,,
CASSANDRA-4314,0,0,1,0,0
CASSANDRA-5161,,,,,
CASSANDRA-8177,,,,,
CASSANDRA-7546,0,0,1,0,0
CASSANDRA-3843,1,0,0,0,0
CASSANDRA-4708,1,0,1,0,0
CASSANDRA-6587,,,,,
CASSANDRA-9345,,,,,
CASSANDRA-3532,1,0,0,0,0
CASSANDRA-7655,,,,,
CASSANDRA-3682,,,,,
CASSANDRA-2069,1,0,1,0,0
CASSANDRA-7217,1,0,0,4,4
CASSANDRA-7177,1,0,0,0,0
CASSANDRA-9258,1,1,0,0,0
CASSANDRA-10609,1,0,0,0,0
CASSANDRA-3589,,,,,
CASSANDRA-8961,,,,,
CASSANDRA-6949,0,1,0,0,0
CASSANDRA-1917,1,0,0,1,0
CASSANDRA-2235,,,,,
CASSANDRA-14194,1,0,0,2,0
CASSANDRA-12228,1,0,0,1,0
CASSANDRA-6284,0,0,0,1,1
CASSANDRA-2218,1,0,0,0,1
CASSANDRA-9619,,,,,
CASSANDRA-12763,1,0,0,2,2
CASSANDRA-13040,1,4,0,0,0
CASSANDRA-11834,1,1,0,0,0
CASSANDRA-10571,1,0,0,1,0
CASSANDRA-3375,1,0,0,0,0
CASSANDRA-12768,1,0,0,0,1
CASSANDRA-9573,0,0,1,0,0
CASSANDRA-9683,,,,,
CASSANDRA-14318,,,,,
CASSANDRA-13038,1,0,0,0,0
CASSANDRA-9558,1,0,0,0,0
CASSANDRA-13114,0,0,1,0,0
CASSANDRA-12676,1,0,0,0,0
CASSANDRA-8550,1,0,0,0,0
CASSANDRA-6142,1,0,0,0,0
CASSANDRA-9486,1,0,1,0,0
CASSANDRA-12071,1,0,0,0,0
CASSANDRA-10192,1,1,1,0,0
CASSANDRA-5748,,,,,
CASSANDRA-11529,1,1,0,0,0
CASSANDRA-10529,,,,,
CASSANDRA-899,1,0,0,0,0
CASSANDRA-201,1,1,0,0,1
CASSANDRA-10768,1,0,0,0,0
CASSANDRA-11450,1,0,0,0,0
CASSANDRA-8521,1,0,1,0,1
CASSANDRA-4396,1,0,0,0,1
CASSANDRA-11475,1,0,1,0,1
CASSANDRA-8670,0,0,1,0,0
CASSANDRA-13929,0,0,1,0,0
CASSANDRA-13794,1,0,0,0,0
CASSANDRA-11363,1,0,0,0,0
CASSANDRA-12962,1,4,0,4,0
CASSANDRA-12796,,,,,
CASSANDRA-8161,,,,,
CASSANDRA-7545,,,,,
CASSANDRA-3882,1,0,0,0,0
CASSANDRA-7238,1,0,1,0,0
CASSANDRA-13651,0,1,0,0,0
CASSANDRA-3881,1,1,0,0,0
CASSANDRA-14002,1,4,0,0,0
CASSANDRA-4116,1,0,1,0,1
CASSANDRA-3638,1,0,0,0,0
CASSANDRA-3427,0,0,1,0,0
CASSANDRA-6345,0,1,0,0,0
CASSANDRA-6488,0,1,0,0,0
CASSANDRA-8860,1,0,1,2,2
CASSANDRA-629,1,0,0,0,0
CASSANDRA-7421,,,,,
CASSANDRA-9549,0,0,1,0,0